id,firstname,lastname,age
1,Jean,Dupont,25
2,Marie,Lefevre,30
3,Pierre,Martin,22
4,Lucie,Bernard,28
5,Michel,Moreau,35
6,Sophie,Petit,32
7,Claude,Roux,24
8,Julie,Fournier,27
9,Jacques,Dubois,29
10,Claire,Richard,31
11,René,Simon,26
12,Elise,Leroy,33
13,Henri,Garcia,21
14,Laurence,Morin,23
15,Georges,Girard,34
16,Isabelle,Blanc,37
17,Philippe,Durand,38
18,Amélie,Chevalier,39
19,Christian,Robert,40
20,Christine,Lopez,36
21,Pauline,Clement,41
22,Bernard,Fontaine,42
23,Martine,Perrot,43
24,Gérard,Renaud,44
25,Chantal,Faure,45
26,Antoine,Gauthier,46
27,Valérie,Garcia,47
28,François,Masson,48
29,Brigitte,Marchand,49
30,André,Dumas,50
31,Charlotte,Lambert,51
32,Patrick,Roche,52
33,Catherine,Renard,53
34,Louis,Colin,54
35,Emilie,Gautier,55
36,Julien,Barbier,56
37,Manon,Giraud,57
38,Yves,Poirier,58
39,Claire,Dumont,59
40,Thierry,Marie,60
41,Monique,Noel,61
42,Alain,Fabre,62
43,Annick,Arnaud,63
44,Jean-Michel,Vincent,64
45,Lucienne,Rolland,65
46,Pascal,Legrand,66
47,Sylvie,Paris,67
48,Marc,Boyer,68
49,Virginie,Da Silva,69
50,Olivier,Carpentier,70
51,Nathalie,Ferreira,71
52,Benoit,Leger,72
53,Patricia,Royer,73
54,Gilbert,Lemoine,74
55,Martine,Albert,75
56,Eric,Pasquier,76
57,Alexandra,Charpentier,77
58,Jean-Claude,Menard,78
59,Renée,Maillard,79
60,Laurent,Adam,80
61,Colette,Hoarau,81
62,Stéphane,Guillot,82
63,Claudine,Poulain,83
64,Frédéric,Regnier,84
65,Agnès,Thibault,85
66,Jean-Pierre,Gillet,86
67,Marion,Marty,87
68,Fabien,Lemoine,88
69,Céline,Descamps,89
70,Etienne,Benoit,90
71,Isabelle,Delmas,91
72,Daniel,Bernard,92
73,Christine,Baron,93
74,Victor,Denis,94
75,Corinne,Michaud,95
76,Pierre-Alain,Boucher,96
77,Valérie,Renard,97
78,Jacqueline,Julien,98
79,Grégoire,Francois,99
80,Nicole,Perrin,100
81,David,Leclerc,101
82,Alice,Humbert,102
83,Tristan,Collin,103
84,Laure,Perret,104
85,Raymond,Bonnet,105
86,Adeline,Hubert,106
87,Florent,Schmitt,107
88,Caroline,Lemoine,108
89,Michel,Giraud,109
90,Antoinette,Roussel,110
91,Jean-Luc,Charrier,111
92,Elodie,Besson,112
93,Serge,Blanchard,113
94,Inès,Godard,114
95,Maxime,Vial,115
96,Odile,Hebert,116
97,Quentin,Barbe,117
98,Fanny,Loiseau,118
99,Clément,Maréchal,119
100,Joëlle,Boucher,120
1,Jean,Dupont,25
2,Marie,Lefevre,30
3,Pierre,Martin,22
4,Lucie,Bernard,28
5,Michel,Moreau,35
6,Sophie,Petit,32
7,Claude,Roux,24
8,Julie,Fournier,27
9,Jacques,Dubois,29
10,Claire,Richard,31
11,René,Simon,26
12,Elise,Leroy,33
13,Henri,Garcia,21
14,Laurence,Morin,23
15,Georges,Girard,34
16,Isabelle,Blanc,37
17,Philippe,Durand,38
18,Amélie,Chevalier,39
19,Christian,Robert,40
20,Christine,Lopez,36
21,Pauline,Clement,41
22,Bernard,Fontaine,42
23,Martine,Perrot,43
24,Gérard,Renaud,44
25,Chantal,Faure,45
26,Antoine,Gauthier,46
27,Valérie,Garcia,47
28,François,Masson,48
29,Brigitte,Marchand,49
30,André,Dumas,50
31,Charlotte,Lambert,51
32,Patrick,Roche,52
33,Catherine,Renard,53
34,Louis,Colin,54
35,Emilie,Gautier,55
36,Julien,Barbier,56
37,Manon,Giraud,57
38,Yves,Poirier,58
39,Claire,Dumont,59
40,Thierry,Marie,60
41,Monique,Noel,61
42,Alain,Fabre,62
43,Annick,Arnaud,63
44,Jean-Michel,Vincent,64
45,Lucienne,Rolland,65
46,Pascal,Legrand,66
47,Sylvie,Paris,67
48,Marc,Boyer,68
49,Virginie,Da Silva,69
50,Olivier,Carpentier,70
51,Nathalie,Ferreira,71
52,Benoit,Leger,72
53,Patricia,Royer,73
54,Gilbert,Lemoine,74
55,Martine,Albert,75
56,Eric,Pasquier,76
57,Alexandra,Charpentier,77
58,Jean-Claude,Menard,78
59,Renée,Maillard,79
60,Laurent,Adam,80
61,Colette,Hoarau,81
62,Stéphane,Guillot,82
63,Claudine,Poulain,83
64,Frédéric,Regnier,84
65,Agnès,Thibault,85
66,Jean-Pierre,Gillet,86
67,Marion,Marty,87
68,Fabien,Lemoine,88
69,Céline,Descamps,89
70,Etienne,Benoit,90
71,Isabelle,Delmas,91
72,Daniel,Bernard,92
73,Christine,Baron,93
74,Victor,Denis,94
75,Corinne,Michaud,95
76,Pierre-Alain,Boucher,96
77,Valérie,Renard,97
78,Jacqueline,Julien,98
79,Grégoire,Francois,99
80,Nicole,Perrin,100
81,David,Leclerc,101
82,Alice,Humbert,102
83,Tristan,Collin,103
84,Laure,Perret,104
85,Raymond,Bonnet,105
86,Adeline,Hubert,106
87,Florent,Schmitt,107
88,Caroline,Lemoine,108
89,Michel,Giraud,109
90,Antoinette,Roussel,110
91,Jean-Luc,Charrier,111
92,Elodie,Besson,112
93,Serge,Blanchard,113
94,Inès,Godard,114
95,Maxime,Vial,115
96,Odile,Hebert,116
97,Quentin,Barbe,117
98,Fanny,Loiseau,118
99,Clément,Maréchal,119
100,Joëlle,Boucher,120
1,Jean,Dupont,25
2,Marie,Lefevre,30
3,Pierre,Martin,22
4,Lucie,Bernard,28
5,Michel,Moreau,35
6,Sophie,Petit,32
7,Claude,Roux,24
8,Julie,Fournier,27
9,Jacques,Dubois,29
10,Claire,Richard,31
11,René,Simon,26
12,Elise,Leroy,33
13,Henri,Garcia,21
14,Laurence,Morin,23
15,Georges,Girard,34
16,Isabelle,Blanc,37
17,Philippe,Durand,38
18,Amélie,Chevalier,39
19,Christian,Robert,40
20,Christine,Lopez,36
21,Pauline,Clement,41
22,Bernard,Fontaine,42
23,Martine,Perrot,43
24,Gérard,Renaud,44
25,Chantal,Faure,45
26,Antoine,Gauthier,46
27,Valérie,Garcia,47
28,François,Masson,48
29,Brigitte,Marchand,49
30,André,Dumas,50
31,Charlotte,Lambert,51
32,Patrick,Roche,52
33,Catherine,Renard,53
34,Louis,Colin,54
35,Emilie,Gautier,55
36,Julien,Barbier,56
37,Manon,Giraud,57
38,Yves,Poirier,58
39,Claire,Dumont,59
40,Thierry,Marie,60
41,Monique,Noel,61
42,Alain,Fabre,62
43,Annick,Arnaud,63
44,Jean-Michel,Vincent,64
45,Lucienne,Rolland,65
46,Pascal,Legrand,66
47,Sylvie,Paris,67
48,Marc,Boyer,68
49,Virginie,Da Silva,69
50,Olivier,Carpentier,70
51,Nathalie,Ferreira,71
52,Benoit,Leger,72
53,Patricia,Royer,73
54,Gilbert,Lemoine,74
55,Martine,Albert,75
56,Eric,Pasquier,76
57,Alexandra,Charpentier,77
58,Jean-Claude,Menard,78
59,Renée,Maillard,79
60,Laurent,Adam,80
61,Colette,Hoarau,81
62,Stéphane,Guillot,82
63,Claudine,Poulain,83
64,Frédéric,Regnier,84
65,Agnès,Thibault,85
66,Jean-Pierre,Gillet,86
67,Marion,Marty,87
68,Fabien,Lemoine,88
69,Céline,Descamps,89
70,Etienne,Benoit,90
71,Isabelle,Delmas,91
72,Daniel,Bernard,92
73,Christine,Baron,93
74,Victor,Denis,94
75,Corinne,Michaud,95
76,Pierre-Alain,Boucher,96
77,Valérie,Renard,97
78,Jacqueline,Julien,98
79,Grégoire,Francois,99
80,Nicole,Perrin,100
81,David,Leclerc,101
82,Alice,Humbert,102
83,Tristan,Collin,103
84,Laure,Perret,104
85,Raymond,Bonnet,105
86,Adeline,Hubert,106
87,Florent,Schmitt,107
88,Caroline,Lemoine,108
89,Michel,Giraud,109
90,Antoinette,Roussel,110
91,Jean-Luc,Charrier,111
92,Elodie,Besson,112
93,Serge,Blanchard,113
94,Inès,Godard,114
95,Maxime,Vial,115
96,Odile,Hebert,116
97,Quentin,Barbe,117
98,Fanny,Loiseau,118
99,Clément,Maréchal,119
100,Joëlle,Boucher,120
1,Jean,Dupont,25
2,Marie,Lefevre,30
3,Pierre,Martin,22
4,Lucie,Bernard,28
5,Michel,Moreau,35
6,Sophie,Petit,32
7,Claude,Roux,24
8,Julie,Fournier,27
9,Jacques,Dubois,29
10,Claire,Richard,31
11,René,Simon,26
12,Elise,Leroy,33
13,Henri,Garcia,21
14,Laurence,Morin,23
15,Georges,Girard,34
16,Isabelle,Blanc,37
17,Philippe,Durand,38
18,Amélie,Chevalier,39
19,Christian,Robert,40
20,Christine,Lopez,36
21,Pauline,Clement,41
22,Bernard,Fontaine,42
23,Martine,Perrot,43
24,Gérard,Renaud,44
25,Chantal,Faure,45
26,Antoine,Gauthier,46
27,Valérie,Garcia,47
28,François,Masson,48
29,Brigitte,Marchand,49
30,André,Dumas,50
31,Charlotte,Lambert,51
32,Patrick,Roche,52
33,Catherine,Renard,53
34,Louis,Colin,54
35,Emilie,Gautier,55
36,Julien,Barbier,56
37,Manon,Giraud,57
38,Yves,Poirier,58
39,Claire,Dumont,59
40,Thierry,Marie,60
41,Monique,Noel,61
42,Alain,Fabre,62
43,Annick,Arnaud,63
44,Jean-Michel,Vincent,64
45,Lucienne,Rolland,65
46,Pascal,Legrand,66
47,Sylvie,Paris,67
48,Marc,Boyer,68
49,Virginie,Da Silva,69
50,Olivier,Carpentier,70
51,Nathalie,Ferreira,71
52,Benoit,Leger,72
53,Patricia,Royer,73
54,Gilbert,Lemoine,74
55,Martine,Albert,75
56,Eric,Pasquier,76
57,Alexandra,Charpentier,77
58,Jean-Claude,Menard,78
59,Renée,Maillard,79
60,Laurent,Adam,80
61,Colette,Hoarau,81
62,Stéphane,Guillot,82
63,Claudine,Poulain,83
64,Frédéric,Regnier,84
65,Agnès,Thibault,85
66,Jean-Pierre,Gillet,86
67,Marion,Marty,87
68,Fabien,Lemoine,88
69,Céline,Descamps,89
70,Etienne,Benoit,90
71,Isabelle,Delmas,91
72,Daniel,Bernard,92
73,Christine,Baron,93
74,Victor,Denis,94
75,Corinne,Michaud,95
76,Pierre-Alain,Boucher,96
77,Valérie,Renard,97
78,Jacqueline,Julien,98
79,Grégoire,Francois,99
80,Nicole,Perrin,100
81,David,Leclerc,101
82,Alice,Humbert,102
83,Tristan,Collin,103
84,Laure,Perret,104
85,Raymond,Bonnet,105
86,Adeline,Hubert,106
87,Florent,Schmitt,107
88,Caroline,Lemoine,108
89,Michel,Giraud,109
90,Antoinette,Roussel,110
91,Jean-Luc,Charrier,111
92,Elodie,Besson,112
93,Serge,Blanchard,113
94,Inès,Godard,114
95,Maxime,Vial,115
96,Odile,Hebert,116
97,Quentin,Barbe,117
98,Fanny,Loiseau,118
99,Clément,Maréchal,119
100,Joëlle,Boucher,120
1,Jean,Dupont,25
2,Marie,Lefevre,30
3,Pierre,Martin,22
4,Lucie,Bernard,28
5,Michel,Moreau,35
6,Sophie,Petit,32
7,Claude,Roux,24
8,Julie,Fournier,27
9,Jacques,Dubois,29
10,Claire,Richard,31
11,René,Simon,26
12,Elise,Leroy,33
13,Henri,Garcia,21
14,Laurence,Morin,23
15,Georges,Girard,34
16,Isabelle,Blanc,37
17,Philippe,Durand,38
18,Amélie,Chevalier,39
19,Christian,Robert,40
20,Christine,Lopez,36
21,Pauline,Clement,41
22,Bernard,Fontaine,42
23,Martine,Perrot,43
24,Gérard,Renaud,44
25,Chantal,Faure,45
26,Antoine,Gauthier,46
27,Valérie,Garcia,47
28,François,Masson,48
29,Brigitte,Marchand,49
30,André,Dumas,50
31,Charlotte,Lambert,51
32,Patrick,Roche,52
33,Catherine,Renard,53
34,Louis,Colin,54
35,Emilie,Gautier,55
36,Julien,Barbier,56
37,Manon,Giraud,57
38,Yves,Poirier,58
39,Claire,Dumont,59
40,Thierry,Marie,60
41,Monique,Noel,61
42,Alain,Fabre,62
43,Annick,Arnaud,63
44,Jean-Michel,Vincent,64
45,Lucienne,Rolland,65
46,Pascal,Legrand,66
47,Sylvie,Paris,67
48,Marc,Boyer,68
49,Virginie,Da Silva,69
50,Olivier,Carpentier,70
51,Nathalie,Ferreira,71
52,Benoit,Leger,72
53,Patricia,Royer,73
54,Gilbert,Lemoine,74
55,Martine,Albert,75
56,Eric,Pasquier,76
57,Alexandra,Charpentier,77
58,Jean-Claude,Menard,78
59,Renée,Maillard,79
60,Laurent,Adam,80
61,Colette,Hoarau,81
62,Stéphane,Guillot,82
63,Claudine,Poulain,83
64,Frédéric,Regnier,84
65,Agnès,Thibault,85
66,Jean-Pierre,Gillet,86
67,Marion,Marty,87
68,Fabien,Lemoine,88
69,Céline,Descamps,89
70,Etienne,Benoit,90
71,Isabelle,Delmas,91
72,Daniel,Bernard,92
73,Christine,Baron,93
74,Victor,Denis,94
75,Corinne,Michaud,95
76,Pierre-Alain,Boucher,96
77,Valérie,Renard,97
78,Jacqueline,Julien,98
79,Grégoire,Francois,99
80,Nicole,Perrin,100
81,David,Leclerc,101
82,Alice,Humbert,102
83,Tristan,Collin,103
84,Laure,Perret,104
85,Raymond,Bonnet,105
86,Adeline,Hubert,106
87,Florent,Schmitt,107
88,Caroline,Lemoine,108
89,Michel,Giraud,109
90,Antoinette,Roussel,110
91,Jean-Luc,Charrier,111
92,Elodie,Besson,112
93,Serge,Blanchard,113
94,Inès,Godard,114
95,Maxime,Vial,115
96,Odile,Hebert,116
97,Quentin,Barbe,117
98,Fanny,Loiseau,118
99,Clément,Maréchal,119
100,Joëlle,Boucher,120
1,Jean,Dupont,25
2,Marie,Lefevre,30
3,Pierre,Martin,22
4,Lucie,Bernard,28
5,Michel,Moreau,35
6,Sophie,Petit,32
7,Claude,Roux,24
8,Julie,Fournier,27
9,Jacques,Dubois,29
10,Claire,Richard,31
11,René,Simon,26
12,Elise,Leroy,33
13,Henri,Garcia,21
14,Laurence,Morin,23
15,Georges,Girard,34
16,Isabelle,Blanc,37
17,Philippe,Durand,38
18,Amélie,Chevalier,39
19,Christian,Robert,40
20,Christine,Lopez,36
21,Pauline,Clement,41
22,Bernard,Fontaine,42
23,Martine,Perrot,43
24,Gérard,Renaud,44
25,Chantal,Faure,45
26,Antoine,Gauthier,46
27,Valérie,Garcia,47
28,François,Masson,48
29,Brigitte,Marchand,49
30,André,Dumas,50
31,Charlotte,Lambert,51
32,Patrick,Roche,52
33,Catherine,Renard,53
34,Louis,Colin,54
35,Emilie,Gautier,55
36,Julien,Barbier,56
37,Manon,Giraud,57
38,Yves,Poirier,58
39,Claire,Dumont,59
40,Thierry,Marie,60
41,Monique,Noel,61
42,Alain,Fabre,62
43,Annick,Arnaud,63
44,Jean-Michel,Vincent,64
45,Lucienne,Rolland,65
46,Pascal,Legrand,66
47,Sylvie,Paris,67
48,Marc,Boyer,68
49,Virginie,Da Silva,69
50,Olivier,Carpentier,70
51,Nathalie,Ferreira,71
52,Benoit,Leger,72
53,Patricia,Royer,73
54,Gilbert,Lemoine,74
55,Martine,Albert,75
56,Eric,Pasquier,76
57,Alexandra,Charpentier,77
58,Jean-Claude,Menard,78
59,Renée,Maillard,79
60,Laurent,Adam,80
61,Colette,Hoarau,81
62,Stéphane,Guillot,82
63,Claudine,Poulain,83
64,Frédéric,Regnier,84
65,Agnès,Thibault,85
66,Jean-Pierre,Gillet,86
67,Marion,Marty,87
68,Fabien,Lemoine,88
69,Céline,Descamps,89
70,Etienne,Benoit,90
71,Isabelle,Delmas,91
72,Daniel,Bernard,92
73,Christine,Baron,93
74,Victor,Denis,94
75,Corinne,Michaud,95
76,Pierre-Alain,Boucher,96
77,Valérie,Renard,97
78,Jacqueline,Julien,98
79,Grégoire,Francois,99
80,Nicole,Perrin,100
81,David,Leclerc,101
82,Alice,Humbert,102
83,Tristan,Collin,103
84,Laure,Perret,104
85,Raymond,Bonnet,105
86,Adeline,Hubert,106
87,Florent,Schmitt,107
88,Caroline,Lemoine,108
89,Michel,Giraud,109
90,Antoinette,Roussel,110
91,Jean-Luc,Charrier,111
92,Elodie,Besson,112
93,Serge,Blanchard,113
94,Inès,Godard,114
95,Maxime,Vial,115
96,Odile,Hebert,116
97,Quentin,Barbe,117
98,Fanny,Loiseau,118
99,Clément,Maréchal,119
100,Joëlle,Boucher,120
1,Jean,Dupont,25
2,Marie,Lefevre,30
3,Pierre,Martin,22
4,Lucie,Bernard,28
5,Michel,Moreau,35
6,Sophie,Petit,32
7,Claude,Roux,24
8,Julie,Fournier,27
9,Jacques,Dubois,29
10,Claire,Richard,31
11,René,Simon,26
12,Elise,Leroy,33
13,Henri,Garcia,21
14,Laurence,Morin,23
15,Georges,Girard,34
16,Isabelle,Blanc,37
17,Philippe,Durand,38
18,Amélie,Chevalier,39
19,Christian,Robert,40
20,Christine,Lopez,36
21,Pauline,Clement,41
22,Bernard,Fontaine,42
23,Martine,Perrot,43
24,Gérard,Renaud,44
25,Chantal,Faure,45
26,Antoine,Gauthier,46
27,Valérie,Garcia,47
28,François,Masson,48
29,Brigitte,Marchand,49
30,André,Dumas,50
31,Charlotte,Lambert,51
32,Patrick,Roche,52
33,Catherine,Renard,53
34,Louis,Colin,54
35,Emilie,Gautier,55
36,Julien,Barbier,56
37,Manon,Giraud,57
38,Yves,Poirier,58
39,Claire,Dumont,59
40,Thierry,Marie,60
41,Monique,Noel,61
42,Alain,Fabre,62
43,Annick,Arnaud,63
44,Jean-Michel,Vincent,64
45,Lucienne,Rolland,65
46,Pascal,Legrand,66
47,Sylvie,Paris,67
48,Marc,Boyer,68
49,Virginie,Da Silva,69
50,Olivier,Carpentier,70
51,Nathalie,Ferreira,71
52,Benoit,Leger,72
53,Patricia,Royer,73
54,Gilbert,Lemoine,74
55,Martine,Albert,75
56,Eric,Pasquier,76
57,Alexandra,Charpentier,77
58,Jean-Claude,Menard,78
59,Renée,Maillard,79
60,Laurent,Adam,80
61,Colette,Hoarau,81
62,Stéphane,Guillot,82
63,Claudine,Poulain,83
64,Frédéric,Regnier,84
65,Agnès,Thibault,85
66,Jean-Pierre,Gillet,86
67,Marion,Marty,87
68,Fabien,Lemoine,88
69,Céline,Descamps,89
70,Etienne,Benoit,90
71,Isabelle,Delmas,91
72,Daniel,Bernard,92
73,Christine,Baron,93
74,Victor,Denis,94
75,Corinne,Michaud,95
76,Pierre-Alain,Boucher,96
77,Valérie,Renard,97
78,Jacqueline,Julien,98
79,Grégoire,Francois,99
80,Nicole,Perrin,100
81,David,Leclerc,101
82,Alice,Humbert,102
83,Tristan,Collin,103
84,Laure,Perret,104
85,Raymond,Bonnet,105
86,Adeline,Hubert,106
87,Florent,Schmitt,107
88,Caroline,Lemoine,108
89,Michel,Giraud,109
90,Antoinette,Roussel,110
91,Jean-Luc,Charrier,111
92,Elodie,Besson,112
93,Serge,Blanchard,113
94,Inès,Godard,114
95,Maxime,Vial,115
96,Odile,Hebert,116
97,Quentin,Barbe,117
98,Fanny,Loiseau,118
99,Clément,Maréchal,119
100,Joëlle,Boucher,120
1,Jean,Dupont,25
2,Marie,Lefevre,30
3,Pierre,Martin,22
4,Lucie,Bernard,28
5,Michel,Moreau,35
6,Sophie,Petit,32
7,Claude,Roux,24
8,Julie,Fournier,27
9,Jacques,Dubois,29
10,Claire,Richard,31
11,René,Simon,26
12,Elise,Leroy,33
13,Henri,Garcia,21
14,Laurence,Morin,23
15,Georges,Girard,34
16,Isabelle,Blanc,37
17,Philippe,Durand,38
18,Amélie,Chevalier,39
19,Christian,Robert,40
20,Christine,Lopez,36
21,Pauline,Clement,41
22,Bernard,Fontaine,42
23,Martine,Perrot,43
24,Gérard,Renaud,44
25,Chantal,Faure,45
26,Antoine,Gauthier,46
27,Valérie,Garcia,47
28,François,Masson,48
29,Brigitte,Marchand,49
30,André,Dumas,50
31,Charlotte,Lambert,51
32,Patrick,Roche,52
33,Catherine,Renard,53
34,Louis,Colin,54
35,Emilie,Gautier,55
36,Julien,Barbier,56
37,Manon,Giraud,57
38,Yves,Poirier,58
39,Claire,Dumont,59
40,Thierry,Marie,60
41,Monique,Noel,61
42,Alain,Fabre,62
43,Annick,Arnaud,63
44,Jean-Michel,Vincent,64
45,Lucienne,Rolland,65
46,Pascal,Legrand,66
47,Sylvie,Paris,67
48,Marc,Boyer,68
49,Virginie,Da Silva,69
50,Olivier,Carpentier,70
51,Nathalie,Ferreira,71
52,Benoit,Leger,72
53,Patricia,Royer,73
54,Gilbert,Lemoine,74
55,Martine,Albert,75
56,Eric,Pasquier,76
57,Alexandra,Charpentier,77
58,Jean-Claude,Menard,78
59,Renée,Maillard,79
60,Laurent,Adam,80
61,Colette,Hoarau,81
62,Stéphane,Guillot,82
63,Claudine,Poulain,83
64,Frédéric,Regnier,84
65,Agnès,Thibault,85
66,Jean-Pierre,Gillet,86
67,Marion,Marty,87
68,Fabien,Lemoine,88
69,Céline,Descamps,89
70,Etienne,Benoit,90
71,Isabelle,Delmas,91
72,Daniel,Bernard,92
73,Christine,Baron,93
74,Victor,Denis,94
75,Corinne,Michaud,95
76,Pierre-Alain,Boucher,96
77,Valérie,Renard,97
78,Jacqueline,Julien,98
79,Grégoire,Francois,99
80,Nicole,Perrin,100
81,David,Leclerc,101
82,Alice,Humbert,102
83,Tristan,Collin,103
84,Laure,Perret,104
85,Raymond,Bonnet,105
86,Adeline,Hubert,106
87,Florent,Schmitt,107
88,Caroline,Lemoine,108
89,Michel,Giraud,109
90,Antoinette,Roussel,110
91,Jean-Luc,Charrier,111
92,Elodie,Besson,112
93,Serge,Blanchard,113
94,Inès,Godard,114
95,Maxime,Vial,115
96,Odile,Hebert,116
97,Quentin,Barbe,117
98,Fanny,Loiseau,118
99,Clément,Maréchal,119
100,Joëlle,Boucher,120
1,Jean,Dupont,25
2,Marie,Lefevre,30
3,Pierre,Martin,22
4,Lucie,Bernard,28
5,Michel,Moreau,35
6,Sophie,Petit,32
7,Claude,Roux,24
8,Julie,Fournier,27
9,Jacques,Dubois,29
10,Claire,Richard,31
11,René,Simon,26
12,Elise,Leroy,33
13,Henri,Garcia,21
14,Laurence,Morin,23
15,Georges,Girard,34
16,Isabelle,Blanc,37
17,Philippe,Durand,38
18,Amélie,Chevalier,39
19,Christian,Robert,40
20,Christine,Lopez,36
21,Pauline,Clement,41
22,Bernard,Fontaine,42
23,Martine,Perrot,43
24,Gérard,Renaud,44
25,Chantal,Faure,45
26,Antoine,Gauthier,46
27,Valérie,Garcia,47
28,François,Masson,48
29,Brigitte,Marchand,49
30,André,Dumas,50
31,Charlotte,Lambert,51
32,Patrick,Roche,52
33,Catherine,Renard,53
34,Louis,Colin,54
35,Emilie,Gautier,55
36,Julien,Barbier,56
37,Manon,Giraud,57
38,Yves,Poirier,58
39,Claire,Dumont,59
40,Thierry,Marie,60
41,Monique,Noel,61
42,Alain,Fabre,62
43,Annick,Arnaud,63
44,Jean-Michel,Vincent,64
45,Lucienne,Rolland,65
46,Pascal,Legrand,66
47,Sylvie,Paris,67
48,Marc,Boyer,68
49,Virginie,Da Silva,69
50,Olivier,Carpentier,70
51,Nathalie,Ferreira,71
52,Benoit,Leger,72
53,Patricia,Royer,73
54,Gilbert,Lemoine,74
55,Martine,Albert,75
56,Eric,Pasquier,76
57,Alexandra,Charpentier,77
58,Jean-Claude,Menard,78
59,Renée,Maillard,79
60,Laurent,Adam,80
61,Colette,Hoarau,81
62,Stéphane,Guillot,82
63,Claudine,Poulain,83
64,Frédéric,Regnier,84
65,Agnès,Thibault,85
66,Jean-Pierre,Gillet,86
67,Marion,Marty,87
68,Fabien,Lemoine,88
69,Céline,Descamps,89
70,Etienne,Benoit,90
71,Isabelle,Delmas,91
72,Daniel,Bernard,92
73,Christine,Baron,93
74,Victor,Denis,94
75,Corinne,Michaud,95
76,Pierre-Alain,Boucher,96
77,Valérie,Renard,97
78,Jacqueline,Julien,98
79,Grégoire,Francois,99
80,Nicole,Perrin,100
81,David,Leclerc,101
82,Alice,Humbert,102
83,Tristan,Collin,103
84,Laure,Perret,104
85,Raymond,Bonnet,105
86,Adeline,Hubert,106
87,Florent,Schmitt,107
88,Caroline,Lemoine,108
89,Michel,Giraud,109
90,Antoinette,Roussel,110
91,Jean-Luc,Charrier,111
92,Elodie,Besson,112
93,Serge,Blanchard,113
94,Inès,Godard,114
95,Maxime,Vial,115
96,Odile,Hebert,116
97,Quentin,Barbe,117
98,Fanny,Loiseau,118
99,Clément,Maréchal,119
100,Joëlle,Boucher,120
1,Jean,Dupont,25
2,Marie,Lefevre,30
3,Pierre,Martin,22
4,Lucie,Bernard,28
5,Michel,Moreau,35
6,Sophie,Petit,32
7,Claude,Roux,24
8,Julie,Fournier,27
9,Jacques,Dubois,29
10,Claire,Richard,31
11,René,Simon,26
12,Elise,Leroy,33
13,Henri,Garcia,21
14,Laurence,Morin,23
15,Georges,Girard,34
16,Isabelle,Blanc,37
17,Philippe,Durand,38
18,Amélie,Chevalier,39
19,Christian,Robert,40
20,Christine,Lopez,36
21,Pauline,Clement,41
22,Bernard,Fontaine,42
23,Martine,Perrot,43
24,Gérard,Renaud,44
25,Chantal,Faure,45
26,Antoine,Gauthier,46
27,Valérie,Garcia,47
28,François,Masson,48
29,Brigitte,Marchand,49
30,André,Dumas,50
31,Charlotte,Lambert,51
32,Patrick,Roche,52
33,Catherine,Renard,53
34,Louis,Colin,54
35,Emilie,Gautier,55
36,Julien,Barbier,56
37,Manon,Giraud,57
38,Yves,Poirier,58
39,Claire,Dumont,59
40,Thierry,Marie,60
41,Monique,Noel,61
42,Alain,Fabre,62
43,Annick,Arnaud,63
44,Jean-Michel,Vincent,64
45,Lucienne,Rolland,65
46,Pascal,Legrand,66
47,Sylvie,Paris,67
48,Marc,Boyer,68
49,Virginie,Da Silva,69
50,Olivier,Carpentier,70
51,Nathalie,Ferreira,71
52,Benoit,Leger,72
53,Patricia,Royer,73
54,Gilbert,Lemoine,74
55,Martine,Albert,75
56,Eric,Pasquier,76
57,Alexandra,Charpentier,77
58,Jean-Claude,Menard,78
59,Renée,Maillard,79
60,Laurent,Adam,80
61,Colette,Hoarau,81
62,Stéphane,Guillot,82
63,Claudine,Poulain,83
64,Frédéric,Regnier,84
65,Agnès,Thibault,85
66,Jean-Pierre,Gillet,86
67,Marion,Marty,87
68,Fabien,Lemoine,88
69,Céline,Descamps,89
70,Etienne,Benoit,90
71,Isabelle,Delmas,91
72,Daniel,Bernard,92
73,Christine,Baron,93
74,Victor,Denis,94
75,Corinne,Michaud,95
76,Pierre-Alain,Boucher,96
77,Valérie,Renard,97
78,Jacqueline,Julien,98
79,Grégoire,Francois,99
80,Nicole,Perrin,100
81,David,Leclerc,101
82,Alice,Humbert,102
83,Tristan,Collin,103
84,Laure,Perret,104
85,Raymond,Bonnet,105
86,Adeline,Hubert,106
87,Florent,Schmitt,107
88,Caroline,Lemoine,108
89,Michel,Giraud,109
90,Antoinette,Roussel,110
91,Jean-Luc,Charrier,111
92,Elodie,Besson,112
93,Serge,Blanchard,113
94,Inès,Godard,114
95,Maxime,Vial,115
96,Odile,Hebert,116
97,Quentin,Barbe,117
98,Fanny,Loiseau,118
99,Clément,Maréchal,119
100,Joëlle,Boucher,120
1,Jean,Dupont,25
2,Marie,Lefevre,30
3,Pierre,Martin,22
4,Lucie,Bernard,28
5,Michel,Moreau,35
6,Sophie,Petit,32
7,Claude,Roux,24
8,Julie,Fournier,27
9,Jacques,Dubois,29
10,Claire,Richard,31
11,René,Simon,26
12,Elise,Leroy,33
13,Henri,Garcia,21
14,Laurence,Morin,23
15,Georges,Girard,34
16,Isabelle,Blanc,37
17,Philippe,Durand,38
18,Amélie,Chevalier,39
19,Christian,Robert,40
20,Christine,Lopez,36
21,Pauline,Clement,41
22,Bernard,Fontaine,42
23,Martine,Perrot,43
24,Gérard,Renaud,44
25,Chantal,Faure,45
26,Antoine,Gauthier,46
27,Valérie,Garcia,47
28,François,Masson,48
29,Brigitte,Marchand,49
30,André,Dumas,50
31,Charlotte,Lambert,51
32,Patrick,Roche,52
33,Catherine,Renard,53
34,Louis,Colin,54
35,Emilie,Gautier,55
36,Julien,Barbier,56
37,Manon,Giraud,57
38,Yves,Poirier,58
39,Claire,Dumont,59
40,Thierry,Marie,60
41,Monique,Noel,61
42,Alain,Fabre,62
43,Annick,Arnaud,63
44,Jean-Michel,Vincent,64
45,Lucienne,Rolland,65
46,Pascal,Legrand,66
47,Sylvie,Paris,67
48,Marc,Boyer,68
49,Virginie,Da Silva,69
50,Olivier,Carpentier,70
51,Nathalie,Ferreira,71
52,Benoit,Leger,72
53,Patricia,Royer,73
54,Gilbert,Lemoine,74
55,Martine,Albert,75
56,Eric,Pasquier,76
57,Alexandra,Charpentier,77
58,Jean-Claude,Menard,78
59,Renée,Maillard,79
60,Laurent,Adam,80
61,Colette,Hoarau,81
62,Stéphane,Guillot,82
63,Claudine,Poulain,83
64,Frédéric,Regnier,84
65,Agnès,Thibault,85
66,Jean-Pierre,Gillet,86
67,Marion,Marty,87
68,Fabien,Lemoine,88
69,Céline,Descamps,89
70,Etienne,Benoit,90
71,Isabelle,Delmas,91
72,Daniel,Bernard,92
73,Christine,Baron,93
74,Victor,Denis,94
75,Corinne,Michaud,95
76,Pierre-Alain,Boucher,96
77,Valérie,Renard,97
78,Jacqueline,Julien,98
79,Grégoire,Francois,99
80,Nicole,Perrin,100
81,David,Leclerc,101
82,Alice,Humbert,102
83,Tristan,Collin,103
84,Laure,Perret,104
85,Raymond,Bonnet,105
86,Adeline,Hubert,106
87,Florent,Schmitt,107
88,Caroline,Lemoine,108
89,Michel,Giraud,109
90,Antoinette,Roussel,110
91,Jean-Luc,Charrier,111
92,Elodie,Besson,112
93,Serge,Blanchard,113
94,Inès,Godard,114
95,Maxime,Vial,115
96,Odile,Hebert,116
97,Quentin,Barbe,117
98,Fanny,Loiseau,118
99,Clément,Maréchal,119
100,Joëlle,Boucher,120
1,Jean,Dupont,25
2,Marie,Lefevre,30
3,Pierre,Martin,22
4,Lucie,Bernard,28
5,Michel,Moreau,35
6,Sophie,Petit,32
7,Claude,Roux,24
8,Julie,Fournier,27
9,Jacques,Dubois,29
10,Claire,Richard,31
11,René,Simon,26
12,Elise,Leroy,33
13,Henri,Garcia,21
14,Laurence,Morin,23
15,Georges,Girard,34
16,Isabelle,Blanc,37
17,Philippe,Durand,38
18,Amélie,Chevalier,39
19,Christian,Robert,40
20,Christine,Lopez,36
21,Pauline,Clement,41
22,Bernard,Fontaine,42
23,Martine,Perrot,43
24,Gérard,Renaud,44
25,Chantal,Faure,45
26,Antoine,Gauthier,46
27,Valérie,Garcia,47
28,François,Masson,48
29,Brigitte,Marchand,49
30,André,Dumas,50
31,Charlotte,Lambert,51
32,Patrick,Roche,52
33,Catherine,Renard,53
34,Louis,Colin,54
35,Emilie,Gautier,55
36,Julien,Barbier,56
37,Manon,Giraud,57
38,Yves,Poirier,58
39,Claire,Dumont,59
40,Thierry,Marie,60
41,Monique,Noel,61
42,Alain,Fabre,62
43,Annick,Arnaud,63
44,Jean-Michel,Vincent,64
45,Lucienne,Rolland,65
46,Pascal,Legrand,66
47,Sylvie,Paris,67
48,Marc,Boyer,68
49,Virginie,Da Silva,69
50,Olivier,Carpentier,70
51,Nathalie,Ferreira,71
52,Benoit,Leger,72
53,Patricia,Royer,73
54,Gilbert,Lemoine,74
55,Martine,Albert,75
56,Eric,Pasquier,76
57,Alexandra,Charpentier,77
58,Jean-Claude,Menard,78
59,Renée,Maillard,79
60,Laurent,Adam,80
61,Colette,Hoarau,81
62,Stéphane,Guillot,82
63,Claudine,Poulain,83
64,Frédéric,Regnier,84
65,Agnès,Thibault,85
66,Jean-Pierre,Gillet,86
67,Marion,Marty,87
68,Fabien,Lemoine,88
69,Céline,Descamps,89
70,Etienne,Benoit,90
71,Isabelle,Delmas,91
72,Daniel,Bernard,92
73,Christine,Baron,93
74,Victor,Denis,94
75,Corinne,Michaud,95
76,Pierre-Alain,Boucher,96
77,Valérie,Renard,97
78,Jacqueline,Julien,98
79,Grégoire,Francois,99
80,Nicole,Perrin,100
81,David,Leclerc,101
82,Alice,Humbert,102
83,Tristan,Collin,103
84,Laure,Perret,104
85,Raymond,Bonnet,105
86,Adeline,Hubert,106
87,Florent,Schmitt,107
88,Caroline,Lemoine,108
89,Michel,Giraud,109
90,Antoinette,Roussel,110
91,Jean-Luc,Charrier,111
92,Elodie,Besson,112
93,Serge,Blanchard,113
94,Inès,Godard,114
95,Maxime,Vial,115
96,Odile,Hebert,116
97,Quentin,Barbe,117
98,Fanny,Loiseau,118
99,Clément,Maréchal,119
100,Joëlle,Boucher,120
1,Jean,Dupont,25
2,Marie,Lefevre,30
3,Pierre,Martin,22
4,Lucie,Bernard,28
5,Michel,Moreau,35
6,Sophie,Petit,32
7,Claude,Roux,24
8,Julie,Fournier,27
9,Jacques,Dubois,29
10,Claire,Richard,31
11,René,Simon,26
12,Elise,Leroy,33
13,Henri,Garcia,21
14,Laurence,Morin,23
15,Georges,Girard,34
16,Isabelle,Blanc,37
17,Philippe,Durand,38
18,Amélie,Chevalier,39
19,Christian,Robert,40
20,Christine,Lopez,36
21,Pauline,Clement,41
22,Bernard,Fontaine,42
23,Martine,Perrot,43
24,Gérard,Renaud,44
25,Chantal,Faure,45
26,Antoine,Gauthier,46
27,Valérie,Garcia,47
28,François,Masson,48
29,Brigitte,Marchand,49
30,André,Dumas,50
31,Charlotte,Lambert,51
32,Patrick,Roche,52
33,Catherine,Renard,53
34,Louis,Colin,54
35,Emilie,Gautier,55
36,Julien,Barbier,56
37,Manon,Giraud,57
38,Yves,Poirier,58
39,Claire,Dumont,59
40,Thierry,Marie,60
41,Monique,Noel,61
42,Alain,Fabre,62
43,Annick,Arnaud,63
44,Jean-Michel,Vincent,64
45,Lucienne,Rolland,65
46,Pascal,Legrand,66
47,Sylvie,Paris,67
48,Marc,Boyer,68
49,Virginie,Da Silva,69
50,Olivier,Carpentier,70
51,Nathalie,Ferreira,71
52,Benoit,Leger,72
53,Patricia,Royer,73
54,Gilbert,Lemoine,74
55,Martine,Albert,75
56,Eric,Pasquier,76
57,Alexandra,Charpentier,77
58,Jean-Claude,Menard,78
59,Renée,Maillard,79
60,Laurent,Adam,80
61,Colette,Hoarau,81
62,Stéphane,Guillot,82
63,Claudine,Poulain,83
64,Frédéric,Regnier,84
65,Agnès,Thibault,85
66,Jean-Pierre,Gillet,86
67,Marion,Marty,87
68,Fabien,Lemoine,88
69,Céline,Descamps,89
70,Etienne,Benoit,90
71,Isabelle,Delmas,91
72,Daniel,Bernard,92
73,Christine,Baron,93
74,Victor,Denis,94
75,Corinne,Michaud,95
76,Pierre-Alain,Boucher,96
77,Valérie,Renard,97
78,Jacqueline,Julien,98
79,Grégoire,Francois,99
80,Nicole,Perrin,100
81,David,Leclerc,101
82,Alice,Humbert,102
83,Tristan,Collin,103
84,Laure,Perret,104
85,Raymond,Bonnet,105
86,Adeline,Hubert,106
87,Florent,Schmitt,107
88,Caroline,Lemoine,108
89,Michel,Giraud,109
90,Antoinette,Roussel,110
91,Jean-Luc,Charrier,111
92,Elodie,Besson,112
93,Serge,Blanchard,113
94,Inès,Godard,114
95,Maxime,Vial,115
96,Odile,Hebert,116
97,Quentin,Barbe,117
98,Fanny,Loiseau,118
99,Clément,Maréchal,119
100,Joëlle,Boucher,120
1,Jean,Dupont,25
2,Marie,Lefevre,30
3,Pierre,Martin,22
4,Lucie,Bernard,28
5,Michel,Moreau,35
6,Sophie,Petit,32
7,Claude,Roux,24
8,Julie,Fournier,27
9,Jacques,Dubois,29
10,Claire,Richard,31
11,René,Simon,26
12,Elise,Leroy,33
13,Henri,Garcia,21
14,Laurence,Morin,23
15,Georges,Girard,34
16,Isabelle,Blanc,37
17,Philippe,Durand,38
18,Amélie,Chevalier,39
19,Christian,Robert,40
20,Christine,Lopez,36
21,Pauline,Clement,41
22,Bernard,Fontaine,42
23,Martine,Perrot,43
24,Gérard,Renaud,44
25,Chantal,Faure,45
26,Antoine,Gauthier,46
27,Valérie,Garcia,47
28,François,Masson,48
29,Brigitte,Marchand,49
30,André,Dumas,50
31,Charlotte,Lambert,51
32,Patrick,Roche,52
33,Catherine,Renard,53
34,Louis,Colin,54
35,Emilie,Gautier,55
36,Julien,Barbier,56
37,Manon,Giraud,57
38,Yves,Poirier,58
39,Claire,Dumont,59
40,Thierry,Marie,60
41,Monique,Noel,61
42,Alain,Fabre,62
43,Annick,Arnaud,63
44,Jean-Michel,Vincent,64
45,Lucienne,Rolland,65
46,Pascal,Legrand,66
47,Sylvie,Paris,67
48,Marc,Boyer,68
49,Virginie,Da Silva,69
50,Olivier,Carpentier,70
51,Nathalie,Ferreira,71
52,Benoit,Leger,72
53,Patricia,Royer,73
54,Gilbert,Lemoine,74
55,Martine,Albert,75
56,Eric,Pasquier,76
57,Alexandra,Charpentier,77
58,Jean-Claude,Menard,78
59,Renée,Maillard,79
60,Laurent,Adam,80
61,Colette,Hoarau,81
62,Stéphane,Guillot,82
63,Claudine,Poulain,83
64,Frédéric,Regnier,84
65,Agnès,Thibault,85
66,Jean-Pierre,Gillet,86
67,Marion,Marty,87
68,Fabien,Lemoine,88
69,Céline,Descamps,89
70,Etienne,Benoit,90
71,Isabelle,Delmas,91
72,Daniel,Bernard,92
73,Christine,Baron,93
74,Victor,Denis,94
75,Corinne,Michaud,95
76,Pierre-Alain,Boucher,96
77,Valérie,Renard,97
78,Jacqueline,Julien,98
79,Grégoire,Francois,99
80,Nicole,Perrin,100
81,David,Leclerc,101
82,Alice,Humbert,102
83,Tristan,Collin,103
84,Laure,Perret,104
85,Raymond,Bonnet,105
86,Adeline,Hubert,106
87,Florent,Schmitt,107
88,Caroline,Lemoine,108
89,Michel,Giraud,109
90,Antoinette,Roussel,110
91,Jean-Luc,Charrier,111
92,Elodie,Besson,112
93,Serge,Blanchard,113
94,Inès,Godard,114
95,Maxime,Vial,115
96,Odile,Hebert,116
97,Quentin,Barbe,117
98,Fanny,Loiseau,118
99,Clément,Maréchal,119
100,Joëlle,Boucher,120
1,Jean,Dupont,25
2,Marie,Lefevre,30
3,Pierre,Martin,22
4,Lucie,Bernard,28
5,Michel,Moreau,35
6,Sophie,Petit,32
7,Claude,Roux,24
8,Julie,Fournier,27
9,Jacques,Dubois,29
10,Claire,Richard,31
11,René,Simon,26
12,Elise,Leroy,33
13,Henri,Garcia,21
14,Laurence,Morin,23
15,Georges,Girard,34
16,Isabelle,Blanc,37
17,Philippe,Durand,38
18,Amélie,Chevalier,39
19,Christian,Robert,40
20,Christine,Lopez,36
21,Pauline,Clement,41
22,Bernard,Fontaine,42
23,Martine,Perrot,43
24,Gérard,Renaud,44
25,Chantal,Faure,45
26,Antoine,Gauthier,46
27,Valérie,Garcia,47
28,François,Masson,48
29,Brigitte,Marchand,49
30,André,Dumas,50
31,Charlotte,Lambert,51
32,Patrick,Roche,52
33,Catherine,Renard,53
34,Louis,Colin,54
35,Emilie,Gautier,55
36,Julien,Barbier,56
37,Manon,Giraud,57
38,Yves,Poirier,58
39,Claire,Dumont,59
40,Thierry,Marie,60
41,Monique,Noel,61
42,Alain,Fabre,62
43,Annick,Arnaud,63
44,Jean-Michel,Vincent,64
45,Lucienne,Rolland,65
46,Pascal,Legrand,66
47,Sylvie,Paris,67
48,Marc,Boyer,68
49,Virginie,Da Silva,69
50,Olivier,Carpentier,70
51,Nathalie,Ferreira,71
52,Benoit,Leger,72
53,Patricia,Royer,73
54,Gilbert,Lemoine,74
55,Martine,Albert,75
56,Eric,Pasquier,76
57,Alexandra,Charpentier,77
58,Jean-Claude,Menard,78
59,Renée,Maillard,79
60,Laurent,Adam,80
61,Colette,Hoarau,81
62,Stéphane,Guillot,82
63,Claudine,Poulain,83
64,Frédéric,Regnier,84
65,Agnès,Thibault,85
66,Jean-Pierre,Gillet,86
67,Marion,Marty,87
68,Fabien,Lemoine,88
69,Céline,Descamps,89
70,Etienne,Benoit,90
71,Isabelle,Delmas,91
72,Daniel,Bernard,92
73,Christine,Baron,93
74,Victor,Denis,94
75,Corinne,Michaud,95
76,Pierre-Alain,Boucher,96
77,Valérie,Renard,97
78,Jacqueline,Julien,98
79,Grégoire,Francois,99
80,Nicole,Perrin,100
81,David,Leclerc,101
82,Alice,Humbert,102
83,Tristan,Collin,103
84,Laure,Perret,104
85,Raymond,Bonnet,105
86,Adeline,Hubert,106
87,Florent,Schmitt,107
88,Caroline,Lemoine,108
89,Michel,Giraud,109
90,Antoinette,Roussel,110
91,Jean-Luc,Charrier,111
92,Elodie,Besson,112
93,Serge,Blanchard,113
94,Inès,Godard,114
95,Maxime,Vial,115
96,Odile,Hebert,116
97,Quentin,Barbe,117
98,Fanny,Loiseau,118
99,Clément,Maréchal,119
100,Joëlle,Boucher,120
1,Jean,Dupont,25
2,Marie,Lefevre,30
3,Pierre,Martin,22
4,Lucie,Bernard,28
5,Michel,Moreau,35
6,Sophie,Petit,32
7,Claude,Roux,24
8,Julie,Fournier,27
9,Jacques,Dubois,29
10,Claire,Richard,31
11,René,Simon,26
12,Elise,Leroy,33
13,Henri,Garcia,21
14,Laurence,Morin,23
15,Georges,Girard,34
16,Isabelle,Blanc,37
17,Philippe,Durand,38
18,Amélie,Chevalier,39
19,Christian,Robert,40
20,Christine,Lopez,36
21,Pauline,Clement,41
22,Bernard,Fontaine,42
23,Martine,Perrot,43
24,Gérard,Renaud,44
25,Chantal,Faure,45
26,Antoine,Gauthier,46
27,Valérie,Garcia,47
28,François,Masson,48
29,Brigitte,Marchand,49
30,André,Dumas,50
31,Charlotte,Lambert,51
32,Patrick,Roche,52
33,Catherine,Renard,53
34,Louis,Colin,54
35,Emilie,Gautier,55
36,Julien,Barbier,56
37,Manon,Giraud,57
38,Yves,Poirier,58
39,Claire,Dumont,59
40,Thierry,Marie,60
41,Monique,Noel,61
42,Alain,Fabre,62
43,Annick,Arnaud,63
44,Jean-Michel,Vincent,64
45,Lucienne,Rolland,65
46,Pascal,Legrand,66
47,Sylvie,Paris,67
48,Marc,Boyer,68
49,Virginie,Da Silva,69
50,Olivier,Carpentier,70
51,Nathalie,Ferreira,71
52,Benoit,Leger,72
53,Patricia,Royer,73
54,Gilbert,Lemoine,74
55,Martine,Albert,75
56,Eric,Pasquier,76
57,Alexandra,Charpentier,77
58,Jean-Claude,Menard,78
59,Renée,Maillard,79
60,Laurent,Adam,80
61,Colette,Hoarau,81
62,Stéphane,Guillot,82
63,Claudine,Poulain,83
64,Frédéric,Regnier,84
65,Agnès,Thibault,85
66,Jean-Pierre,Gillet,86
67,Marion,Marty,87
68,Fabien,Lemoine,88
69,Céline,Descamps,89
70,Etienne,Benoit,90
71,Isabelle,Delmas,91
72,Daniel,Bernard,92
73,Christine,Baron,93
74,Victor,Denis,94
75,Corinne,Michaud,95
76,Pierre-Alain,Boucher,96
77,Valérie,Renard,97
78,Jacqueline,Julien,98
79,Grégoire,Francois,99
80,Nicole,Perrin,100
81,David,Leclerc,101
82,Alice,Humbert,102
83,Tristan,Collin,103
84,Laure,Perret,104
85,Raymond,Bonnet,105
86,Adeline,Hubert,106
87,Florent,Schmitt,107
88,Caroline,Lemoine,108
89,Michel,Giraud,109
90,Antoinette,Roussel,110
91,Jean-Luc,Charrier,111
92,Elodie,Besson,112
93,Serge,Blanchard,113
94,Inès,Godard,114
95,Maxime,Vial,115
96,Odile,Hebert,116
97,Quentin,Barbe,117
98,Fanny,Loiseau,118
99,Clément,Maréchal,119
100,Joëlle,Boucher,120
1,Jean,Dupont,25
2,Marie,Lefevre,30
3,Pierre,Martin,22
4,Lucie,Bernard,28
5,Michel,Moreau,35
6,Sophie,Petit,32
7,Claude,Roux,24
8,Julie,Fournier,27
9,Jacques,Dubois,29
10,Claire,Richard,31
11,René,Simon,26
12,Elise,Leroy,33
13,Henri,Garcia,21
14,Laurence,Morin,23
15,Georges,Girard,34
16,Isabelle,Blanc,37
17,Philippe,Durand,38
18,Amélie,Chevalier,39
19,Christian,Robert,40
20,Christine,Lopez,36
21,Pauline,Clement,41
22,Bernard,Fontaine,42
23,Martine,Perrot,43
24,Gérard,Renaud,44
25,Chantal,Faure,45
26,Antoine,Gauthier,46
27,Valérie,Garcia,47
28,François,Masson,48
29,Brigitte,Marchand,49
30,André,Dumas,50
31,Charlotte,Lambert,51
32,Patrick,Roche,52
33,Catherine,Renard,53
34,Louis,Colin,54
35,Emilie,Gautier,55
36,Julien,Barbier,56
37,Manon,Giraud,57
38,Yves,Poirier,58
39,Claire,Dumont,59
40,Thierry,Marie,60
41,Monique,Noel,61
42,Alain,Fabre,62
43,Annick,Arnaud,63
44,Jean-Michel,Vincent,64
45,Lucienne,Rolland,65
46,Pascal,Legrand,66
47,Sylvie,Paris,67
48,Marc,Boyer,68
49,Virginie,Da Silva,69
50,Olivier,Carpentier,70
51,Nathalie,Ferreira,71
52,Benoit,Leger,72
53,Patricia,Royer,73
54,Gilbert,Lemoine,74
55,Martine,Albert,75
56,Eric,Pasquier,76
57,Alexandra,Charpentier,77
58,Jean-Claude,Menard,78
59,Renée,Maillard,79
60,Laurent,Adam,80
61,Colette,Hoarau,81
62,Stéphane,Guillot,82
63,Claudine,Poulain,83
64,Frédéric,Regnier,84
65,Agnès,Thibault,85
66,Jean-Pierre,Gillet,86
67,Marion,Marty,87
68,Fabien,Lemoine,88
69,Céline,Descamps,89
70,Etienne,Benoit,90
71,Isabelle,Delmas,91
72,Daniel,Bernard,92
73,Christine,Baron,93
74,Victor,Denis,94
75,Corinne,Michaud,95
76,Pierre-Alain,Boucher,96
77,Valérie,Renard,97
78,Jacqueline,Julien,98
79,Grégoire,Francois,99
80,Nicole,Perrin,100
81,David,Leclerc,101
82,Alice,Humbert,102
83,Tristan,Collin,103
84,Laure,Perret,104
85,Raymond,Bonnet,105
86,Adeline,Hubert,106
87,Florent,Schmitt,107
88,Caroline,Lemoine,108
89,Michel,Giraud,109
90,Antoinette,Roussel,110
91,Jean-Luc,Charrier,111
92,Elodie,Besson,112
93,Serge,Blanchard,113
94,Inès,Godard,114
95,Maxime,Vial,115
96,Odile,Hebert,116
97,Quentin,Barbe,117
98,Fanny,Loiseau,118
99,Clément,Maréchal,119
100,Joëlle,Boucher,120
1,Jean,Dupont,25
2,Marie,Lefevre,30
3,Pierre,Martin,22
4,Lucie,Bernard,28
5,Michel,Moreau,35
6,Sophie,Petit,32
7,Claude,Roux,24
8,Julie,Fournier,27
9,Jacques,Dubois,29
10,Claire,Richard,31
11,René,Simon,26
12,Elise,Leroy,33
13,Henri,Garcia,21
14,Laurence,Morin,23
15,Georges,Girard,34
16,Isabelle,Blanc,37
17,Philippe,Durand,38
18,Amélie,Chevalier,39
19,Christian,Robert,40
20,Christine,Lopez,36
21,Pauline,Clement,41
22,Bernard,Fontaine,42
23,Martine,Perrot,43
24,Gérard,Renaud,44
25,Chantal,Faure,45
26,Antoine,Gauthier,46
27,Valérie,Garcia,47
28,François,Masson,48
29,Brigitte,Marchand,49
30,André,Dumas,50
31,Charlotte,Lambert,51
32,Patrick,Roche,52
33,Catherine,Renard,53
34,Louis,Colin,54
35,Emilie,Gautier,55
36,Julien,Barbier,56
37,Manon,Giraud,57
38,Yves,Poirier,58
39,Claire,Dumont,59
40,Thierry,Marie,60
41,Monique,Noel,61
42,Alain,Fabre,62
43,Annick,Arnaud,63
44,Jean-Michel,Vincent,64
45,Lucienne,Rolland,65
46,Pascal,Legrand,66
47,Sylvie,Paris,67
48,Marc,Boyer,68
49,Virginie,Da Silva,69
50,Olivier,Carpentier,70
51,Nathalie,Ferreira,71
52,Benoit,Leger,72
53,Patricia,Royer,73
54,Gilbert,Lemoine,74
55,Martine,Albert,75
56,Eric,Pasquier,76
57,Alexandra,Charpentier,77
58,Jean-Claude,Menard,78
59,Renée,Maillard,79
60,Laurent,Adam,80
61,Colette,Hoarau,81
62,Stéphane,Guillot,82
63,Claudine,Poulain,83
64,Frédéric,Regnier,84
65,Agnès,Thibault,85
66,Jean-Pierre,Gillet,86
67,Marion,Marty,87
68,Fabien,Lemoine,88
69,Céline,Descamps,89
70,Etienne,Benoit,90
71,Isabelle,Delmas,91
72,Daniel,Bernard,92
73,Christine,Baron,93
74,Victor,Denis,94
75,Corinne,Michaud,95
76,Pierre-Alain,Boucher,96
77,Valérie,Renard,97
78,Jacqueline,Julien,98
79,Grégoire,Francois,99
80,Nicole,Perrin,100
81,David,Leclerc,101
82,Alice,Humbert,102
83,Tristan,Collin,103
84,Laure,Perret,104
85,Raymond,Bonnet,105
86,Adeline,Hubert,106
87,Florent,Schmitt,107
88,Caroline,Lemoine,108
89,Michel,Giraud,109
90,Antoinette,Roussel,110
91,Jean-Luc,Charrier,111
92,Elodie,Besson,112
93,Serge,Blanchard,113
94,Inès,Godard,114
95,Maxime,Vial,115
96,Odile,Hebert,116
97,Quentin,Barbe,117
98,Fanny,Loiseau,118
99,Clément,Maréchal,119
100,Joëlle,Boucher,120
1,Jean,Dupont,25
2,Marie,Lefevre,30
3,Pierre,Martin,22
4,Lucie,Bernard,28
5,Michel,Moreau,35
6,Sophie,Petit,32
7,Claude,Roux,24
8,Julie,Fournier,27
9,Jacques,Dubois,29
10,Claire,Richard,31
11,René,Simon,26
12,Elise,Leroy,33
13,Henri,Garcia,21
14,Laurence,Morin,23
15,Georges,Girard,34
16,Isabelle,Blanc,37
17,Philippe,Durand,38
18,Amélie,Chevalier,39
19,Christian,Robert,40
20,Christine,Lopez,36
21,Pauline,Clement,41
22,Bernard,Fontaine,42
23,Martine,Perrot,43
24,Gérard,Renaud,44
25,Chantal,Faure,45
26,Antoine,Gauthier,46
27,Valérie,Garcia,47
28,François,Masson,48
29,Brigitte,Marchand,49
30,André,Dumas,50
31,Charlotte,Lambert,51
32,Patrick,Roche,52
33,Catherine,Renard,53
34,Louis,Colin,54
35,Emilie,Gautier,55
36,Julien,Barbier,56
37,Manon,Giraud,57
38,Yves,Poirier,58
39,Claire,Dumont,59
40,Thierry,Marie,60
41,Monique,Noel,61
42,Alain,Fabre,62
43,Annick,Arnaud,63
44,Jean-Michel,Vincent,64
45,Lucienne,Rolland,65
46,Pascal,Legrand,66
47,Sylvie,Paris,67
48,Marc,Boyer,68
49,Virginie,Da Silva,69
50,Olivier,Carpentier,70
51,Nathalie,Ferreira,71
52,Benoit,Leger,72
53,Patricia,Royer,73
54,Gilbert,Lemoine,74
55,Martine,Albert,75
56,Eric,Pasquier,76
57,Alexandra,Charpentier,77
58,Jean-Claude,Menard,78
59,Renée,Maillard,79
60,Laurent,Adam,80
61,Colette,Hoarau,81
62,Stéphane,Guillot,82
63,Claudine,Poulain,83
64,Frédéric,Regnier,84
65,Agnès,Thibault,85
66,Jean-Pierre,Gillet,86
67,Marion,Marty,87
68,Fabien,Lemoine,88
69,Céline,Descamps,89
70,Etienne,Benoit,90
71,Isabelle,Delmas,91
72,Daniel,Bernard,92
73,Christine,Baron,93
74,Victor,Denis,94
75,Corinne,Michaud,95
76,Pierre-Alain,Boucher,96
77,Valérie,Renard,97
78,Jacqueline,Julien,98
79,Grégoire,Francois,99
80,Nicole,Perrin,100
81,David,Leclerc,101
82,Alice,Humbert,102
83,Tristan,Collin,103
84,Laure,Perret,104
85,Raymond,Bonnet,105
86,Adeline,Hubert,106
87,Florent,Schmitt,107
88,Caroline,Lemoine,108
89,Michel,Giraud,109
90,Antoinette,Roussel,110
91,Jean-Luc,Charrier,111
92,Elodie,Besson,112
93,Serge,Blanchard,113
94,Inès,Godard,114
95,Maxime,Vial,115
96,Odile,Hebert,116
97,Quentin,Barbe,117
98,Fanny,Loiseau,118
99,Clément,Maréchal,119
100,Joëlle,Boucher,120
1,Jean,Dupont,25
2,Marie,Lefevre,30
3,Pierre,Martin,22
4,Lucie,Bernard,28
5,Michel,Moreau,35
6,Sophie,Petit,32
7,Claude,Roux,24
8,Julie,Fournier,27
9,Jacques,Dubois,29
10,Claire,Richard,31
11,René,Simon,26
12,Elise,Leroy,33
13,Henri,Garcia,21
14,Laurence,Morin,23
15,Georges,Girard,34
16,Isabelle,Blanc,37
17,Philippe,Durand,38
18,Amélie,Chevalier,39
19,Christian,Robert,40
20,Christine,Lopez,36
21,Pauline,Clement,41
22,Bernard,Fontaine,42
23,Martine,Perrot,43
24,Gérard,Renaud,44
25,Chantal,Faure,45
26,Antoine,Gauthier,46
27,Valérie,Garcia,47
28,François,Masson,48
29,Brigitte,Marchand,49
30,André,Dumas,50
31,Charlotte,Lambert,51
32,Patrick,Roche,52
33,Catherine,Renard,53
34,Louis,Colin,54
35,Emilie,Gautier,55
36,Julien,Barbier,56
37,Manon,Giraud,57
38,Yves,Poirier,58
39,Claire,Dumont,59
40,Thierry,Marie,60
41,Monique,Noel,61
42,Alain,Fabre,62
43,Annick,Arnaud,63
44,Jean-Michel,Vincent,64
45,Lucienne,Rolland,65
46,Pascal,Legrand,66
47,Sylvie,Paris,67
48,Marc,Boyer,68
49,Virginie,Da Silva,69
50,Olivier,Carpentier,70
51,Nathalie,Ferreira,71
52,Benoit,Leger,72
53,Patricia,Royer,73
54,Gilbert,Lemoine,74
55,Martine,Albert,75
56,Eric,Pasquier,76
57,Alexandra,Charpentier,77
58,Jean-Claude,Menard,78
59,Renée,Maillard,79
60,Laurent,Adam,80
61,Colette,Hoarau,81
62,Stéphane,Guillot,82
63,Claudine,Poulain,83
64,Frédéric,Regnier,84
65,Agnès,Thibault,85
66,Jean-Pierre,Gillet,86
67,Marion,Marty,87
68,Fabien,Lemoine,88
69,Céline,Descamps,89
70,Etienne,Benoit,90
71,Isabelle,Delmas,91
72,Daniel,Bernard,92
73,Christine,Baron,93
74,Victor,Denis,94
75,Corinne,Michaud,95
76,Pierre-Alain,Boucher,96
77,Valérie,Renard,97
78,Jacqueline,Julien,98
79,Grégoire,Francois,99
80,Nicole,Perrin,100
81,David,Leclerc,101
82,Alice,Humbert,102
83,Tristan,Collin,103
84,Laure,Perret,104
85,Raymond,Bonnet,105
86,Adeline,Hubert,106
87,Florent,Schmitt,107
88,Caroline,Lemoine,108
89,Michel,Giraud,109
90,Antoinette,Roussel,110
91,Jean-Luc,Charrier,111
92,Elodie,Besson,112
93,Serge,Blanchard,113
94,Inès,Godard,114
95,Maxime,Vial,115
96,Odile,Hebert,116
97,Quentin,Barbe,117
98,Fanny,Loiseau,118
99,Clément,Maréchal,119
100,Joëlle,Boucher,120
